Latitude (deg),Longitude (deg),Altitude (m),Time (s)
28.56983333,77.11641,237.2,0
28.56983333,77.11640718,237.2,1
28.56983333,77.11640667,237.2,2
28.56983333,77.11640667,237.2,3
28.56983336,77.116369,237.1993025,4
28.56983414,77.11633541,237.1758638,5
28.56983603,77.11625416,237.1191764,6
28.56983888,77.1161315,237.0468657,7
28.56984234,77.11598263,236.9637703,8
28.56984645,77.11580821,236.8739564,9
28.56985125,77.11560825,236.7873812,10
28.56985667,77.11538276,236.6898193,11
28.56986254,77.11513171,236.5790433,12
28.56986812,77.1148551,236.4451896,13
28.56987391,77.11455294,236.2929276,14
28.56988004,77.11422524,236.1249485,15
28.56988665,77.11387198,235.9440558,16
28.56989374,77.11349318,235.7502901,17
28.56990131,77.11308884,235.5436951,18
28.56990935,77.11265895,235.3243172,19
28.56991787,77.11220351,235.0922058,20
28.56992686,77.11172253,234.8474134,21
28.56993634,77.11121601,234.5899952,22
28.56994587,77.11068393,234.3357837,23
28.56995483,77.11012628,234.1090585,24
28.56996419,77.10954308,233.8724458,25
28.56997397,77.10893434,233.6260127,26
28.56998708,77.10830012,233.3295921,27
28.57000031,77.10764034,233.011786,28
28.57001405,77.10695503,232.6823671,29
28.57003015,77.10624422,232.3303533,30
28.57004931,77.10550794,231.9690131,31
28.57007017,77.10475365,231.6779367,32
28.57008634,77.10400715,231.3399138,33
28.57009476,77.10323737,230.9291215,34
28.57009764,77.10244196,230.5825003,35
28.57010057,77.101621,230.2321111,36
28.5701009,77.10078371,229.9368305,37
28.57009967,77.09996599,229.6783766,38
28.57009847,77.09917145,229.4282107,39
28.57009833,77.09838101,229.1361045,40
28.57009621,77.09756535,228.872816,41
28.57009455,77.09672413,228.5597177,42
28.57009167,77.09585736,228.300206,43
28.5700885,77.09496504,228.0100694,44
28.57008835,77.09405708,228.1918753,45
28.57008836,77.09314552,228.3957791,46
28.57008836,77.09223038,228.6017365,47
28.57008836,77.09131166,228.8097622,48
28.57008835,77.09038937,229.0198709,49
28.57008834,77.0894635,229.2320775,50
28.5700906,77.08852904,230.3182042,51
28.5700946,77.08757028,232.3600922,52
28.57009818,77.08658629,235.5618335,53
28.57010153,77.08557723,240.0189378,54
28.57010476,77.08454281,244.9348984,55
28.57010994,77.08349852,251.0727105,56
28.57011465,77.08245284,258.2721291,57
28.5701208,77.08138245,266.6169125,58
28.57012796,77.08028744,276.141097,59
28.5701345,77.07916889,286.6094773,60
28.57014189,77.07805151,297.7530789,61
28.5701503,77.07691521,309.7248838,62
28.57015921,77.07575557,323.1085314,63
28.57016777,77.0745716,337.6393256,64
28.570178,77.07336384,353.3576602,65
28.57018815,77.07216316,369.9232855,66
28.57019789,77.07098862,386.7111921,67
28.57020744,77.06984157,404.5599448,68
28.57021677,77.06871984,422.063533,69
28.57022509,77.06760858,440.9783954,70
28.5702334,77.06647344,460.6294731,71
28.57024188,77.06531314,480.7180831,72
28.57025053,77.06412769,501.2443568,73
28.57025843,77.06291868,523.0679272,74
28.57026429,77.06168607,546.1482216,75
28.57026803,77.06043022,569.7520739,76
28.5702685,77.05918574,593.1393063,77
28.57026353,77.05796592,615.8361172,78
28.57025865,77.05677122,638.0680669,79
28.57025387,77.05560162,659.8350205,80
28.57024917,77.05445713,681.1368459,81
28.57024056,77.05333701,701.5639029,82
28.57022658,77.0522401,720.4748193,83
28.57020709,77.05115063,738.7132078,84
28.57018306,77.05003544,756.3633365,85
28.57015626,77.0488975,774.1375375,86
28.5701261,77.04777059,790.6399117,87
28.57009318,77.04665755,806.2669437,88
28.57005134,77.04553324,820.7044057,89
28.57000589,77.04438286,834.7957194,90
28.56995225,77.04321373,848.050085,91
28.56989347,77.04206394,860.0889392,92
28.56982967,77.04093867,870.989935,93
28.56975908,77.0398324,880.5879365,94
28.5696896,77.03874379,890.034536,95
28.56961251,77.03766177,898.4821892,96
28.56952391,77.0365563,906.1549587,97
28.56942808,77.03542578,913.6782162,98
28.56932557,77.0342764,920.9244736,99
28.56921599,77.03314605,927.6757718,100
28.56909977,77.03204194,933.812024,101
28.5689813,77.03095337,939.8354029,102
28.56884968,77.02984424,945.7391901,103
28.56870529,77.02871142,951.8498218,104
28.56855109,77.02755451,958.1897365,105
28.56838836,77.02639635,964.7927081,106
28.56821781,77.02525961,971.5089637,107
28.56804798,77.02414082,978.1842865,108
28.56786327,77.0230159,985.4771527,109
28.56765954,77.02186975,993.7265091,110
28.5674467,77.02069987,1002.349552,111
28.56722461,77.01951991,1011.468974,112
28.5669898,77.01836815,1021.538928,113
28.56675186,77.01724342,1031.868433,114
28.56651195,77.0161416,1042.436861,115
28.56625843,77.01502791,1053.845635,116
28.56598385,77.01389518,1066.27643,117
28.56569145,77.0127429,1079.986583,118
28.56538302,77.01157011,1094.432613,119
28.56506534,77.01039755,1109.468677,120
28.56473726,77.00925663,1125.242883,121
28.56440409,77.00814503,1141.209747,122
28.56406557,77.00704831,1157.282263,123
28.56370248,77.00593805,1174.572145,124
28.56331795,77.00481057,1192.61793,125
28.56291596,77.00367552,1211.267569,126
28.56250827,77.00256744,1229.851245,127
28.56209708,77.00148878,1248.287511,128
28.56167927,77.00043632,1266.618812,129
28.56123858,76.99937744,1285.418474,130
28.56078259,76.99829895,1304.668081,131
28.56030858,76.99721034,1324.144925,132
28.55982757,76.99614756,1343.102033,133
28.55934186,76.9951157,1361.505097,134
28.55884937,76.9940993,1379.347102,135
28.55832811,76.9930728,1396.992131,136
28.55779184,76.99203102,1414.825308,137
28.55725081,76.99100952,1431.857434,138
28.55669292,76.99000124,1447.994071,139
28.55610345,76.98898458,1463.665043,140
28.55549847,76.98796139,1479.05965,141
28.55489016,76.98696439,1493.301523,142
28.55427598,76.98600166,1506.212691,143
28.55366339,76.98506541,1518.39185,144
28.55302547,76.98413306,1529.744563,145
28.55236116,76.98319067,1540.403957,146
28.55168017,76.98223642,1550.972391,147
28.55099918,76.98130114,1560.693174,148
28.5503248,76.980392,1569.512389,149
28.54966493,76.97950212,1577.93953,150
28.54900257,76.97861376,1585.828295,151
28.54832381,76.97770742,1593.519011,152
28.54762977,76.9767822,1601.220535,153
28.54692116,76.97583757,1609.08603,154
28.54619581,76.97487554,1617.017582,155
28.54545259,76.97389806,1625.012365,156
28.54471119,76.97292583,1633.012949,157
28.54397327,76.97197121,1641.401897,158
28.54324104,76.97103293,1650.028591,159
28.54252126,76.97011061,1658.510859,160
28.54181393,76.96920427,1666.848581,161
28.54111905,76.9683139,1675.041641,162
28.54043338,76.96744455,1683.674988,163
28.53975472,76.96659593,1692.718073,164
28.53906312,76.9657376,1702.401067,165
28.53835452,76.96486294,1712.737433,166
28.53763044,76.96397647,1723.777074,167
28.53691356,76.96310571,1734.985243,168
28.53620736,76.9622539,1746.536696,169
28.53548872,76.96139431,1758.833566,170
28.53475199,76.9605198,1771.825888,171
28.53399754,76.95963072,1785.481055,172
28.53324604,76.95874873,1799.583974,173
28.53250476,76.95789176,1813.931129,174
28.53177792,76.95705434,1828.091626,175
28.53104222,76.9562368,1843.398808,176
28.53030085,76.95541296,1858.826005,177
28.52955381,76.95458285,1874.373262,178
28.52880111,76.95374645,1890.040629,179
28.52804273,76.95290377,1905.828153,180
28.52727868,76.95205481,1921.735883,181
28.52650896,76.95119957,1937.76387,182
28.52573358,76.95033804,1953.912161,183
28.52493501,76.94948243,1970.509984,184
28.52411601,76.94861423,1987.238251,185
28.52328505,76.94773684,2004.158636,186
28.52246395,76.94687785,2020.363277,187
28.52165812,76.94603722,2036.117165,188
28.52086561,76.9452169,2051.173444,189
28.52008653,76.94441651,2065.392382,190
28.51932053,76.94363483,2079.023315,191
28.51854459,76.94284885,2092.282268,192
28.51774814,76.94204981,2105.242998,193
28.51693165,76.94123732,2117.980071,194
28.51609592,76.94041463,2130.380597,195
28.51526732,76.93960344,2142.25424,196
28.51443306,76.93879781,2153.378137,197
28.51357674,76.93798182,2164.119257,198
28.51271758,76.9371694,2174.549007,199
28.51186692,76.93637813,2184.092588,200
28.51099746,76.93558639,2192.905245,201
28.51011046,76.93477871,2201.898026,202
28.50920361,76.93395818,2210.864993,203
28.50826907,76.93313544,2219.27882,204
28.50732395,76.93231542,2227.52664,205
28.50638976,76.93151837,2235.308523,206
28.5054641,76.93074011,2242.780995,207
28.50451698,76.9299625,2250.242114,208
28.50354958,76.92918107,2257.84101,209
28.50258947,76.92841752,2265.324709,210
28.50163753,76.92767502,2272.719258,211
28.5006588,76.92694696,2280.747469,212
28.49965575,76.92622325,2289.21779,213
28.49863755,76.92548864,2297.818818,214
28.49760421,76.92474311,2306.55068,215
28.49655572,76.92398667,2315.413503,216
28.49548539,76.92323869,2324.931733,217
28.49441236,76.9225288,2335.251308,218
28.49335276,76.92184409,2345.752616,219
28.49229751,76.92117989,2356.515239,220
28.4912168,76.9205235,2368.104076,221
28.49013335,76.91988906,2380.201157,222
28.48906587,76.9192736,2392.399912,223
28.48798125,76.91867825,2405.289742,224
28.48687245,76.91808444,2418.694867,225
28.48576544,76.9175101,2432.469504,226
28.48466934,76.91697122,2446.33492,227
28.48359024,76.91645059,2460.193518,228
28.48249614,76.91595045,2474.456595,229
28.481375,76.9154594,2489.263507,230
28.48024571,76.91498567,2504.327035,231
28.47912919,76.91454646,2519.063714,232
28.47803134,76.91412397,2533.58616,233
28.47693128,76.91373263,2548.1205,234
28.47580314,76.91335994,2562.770111,235
28.47465416,76.91298853,2577.542953,236
28.47351124,76.91264752,2592.058591,237
28.47238291,76.91234311,2605.944951,238
28.47126999,76.91205521,2619.497555,239
28.47013502,76.91180013,2632.648029,240
28.46897961,76.91155836,2645.766776,241
28.46783656,76.9113392,2658.430134,242
28.46671234,76.91114386,2670.533776,243
28.46558476,76.91096161,2682.505197,244
28.46443352,76.91078553,2694.39814,245
28.46327434,76.91062015,2706.089901,246
28.46213557,76.91046884,2717.336752,247
28.46100863,76.91033126,2728.201421,248
28.4598606,76.91020473,2738.558126,249
28.45868657,76.91010658,2747.263175,250
28.4574901,76.91000655,2756.137344,251
28.4562712,76.90990465,2765.180791,252
28.45502986,76.90980088,2774.393674,253
28.45376291,76.90972668,2780.586998,254
28.45247411,76.90967054,2784.275133,255
28.45119706,76.90962756,2786.29968,256
28.44994194,76.90960442,2785.459124,257
28.44870936,76.90958926,2783.525709,258
28.44748509,76.90958523,2779.839515,259
28.44624054,76.90960187,2772.680969,260
28.44497622,76.90962792,2764.123734,261
28.44372417,76.9096606,2754.390744,262
28.44249568,76.90969959,2743.450762,263
28.44128462,76.90974279,2731.474594,264
28.44005741,76.90979201,2718.639635,265
28.43880992,76.90984507,2705.28127,266
28.43754195,76.909899,2691.706736,267
28.43625325,76.90995831,2677.764411,268
28.43494215,76.91002474,2663.890482,269
28.43360839,76.91009783,2650.351887,270
28.43226098,76.91017359,2637.32081,271
28.43093014,76.91025377,2625.314945,272
28.42958614,76.91034154,2614.386671,273
28.42821875,76.91043984,2605.773193,274
28.42682864,76.91054354,2597.867305,275
28.42541605,76.9106489,2589.83747,276
28.42398052,76.91076766,2585.07266,277
28.42252686,76.91089481,2582.266682,278
28.42108845,76.9110283,2582.225657,279
28.41964371,76.91116778,2583.744462,280
28.41817806,76.91131982,2589.010289,281
28.4166905,76.91147612,2595.166947,282
28.41520311,76.9116435,2604.432729,283
28.41373357,76.91181664,2616.197984,284
28.41224999,76.91200071,2631.500582,285
28.41074722,76.91219533,2649.622866,286
28.4092281,76.91239968,2669.974621,287
28.40772775,76.91261426,2693.37993,288
28.40625379,76.91283161,2719.11664,289
28.40479391,76.9130572,2746.959542,290
28.4033202,76.91329878,2778.38301,291
28.4018303,76.9135511,2812.163732,292
28.40035427,76.91381015,2847.434671,293
28.3989056,76.91407921,2884.959743,294
28.39745543,76.91435706,2924.139332,295
28.39601392,76.91464414,2964.612953,296
28.39459389,76.91494086,3006.260648,297
28.39319953,76.91524213,3048.387295,298
28.3918205,76.91555378,3091.384366,299
28.39042662,76.91588502,3135.810149,300
28.38901652,76.91623238,3181.20388,301
28.38761816,76.91658915,3226.473779,302
28.38624256,76.91694871,3271.046714,303
28.38488922,76.91731323,3314.533171,304
28.38355785,76.91769172,3356.009705,305
28.38224769,76.91806675,3396.656106,306
28.38095851,76.91844439,3435.792708,307
28.37968959,76.91882952,3472.634801,308
28.37844075,76.91922178,3507.035431,309
28.37719072,76.91962567,3539.631981,310
28.37593081,76.92005044,3569.599993,311
28.37466513,76.92049474,3596.256687,312
28.37341993,76.92093408,3622.007497,313
28.37219599,76.92137982,3644.870958,314
28.37099349,76.92183381,3664.261097,315
28.36980247,76.9222998,3680.339135,316
28.36863259,76.92277168,3693.263239,317
28.36748593,76.92324737,3703.664628,318
28.36636332,76.92372902,3710.767233,319
28.36526456,76.92421269,3715.813954,320
28.36418723,76.92469501,3719.515891,321
28.36312088,76.92519688,3719.461476,322
28.36204141,76.92571961,3717.190841,323
28.36094121,76.92625236,3714.879364,324
28.3598206,76.92679586,3712.423067,325
28.35870112,76.92737681,3705.611783,326
28.3575931,76.92795757,3698.277695,327
28.35650762,76.92854168,3689.606559,328
28.35544606,76.92912394,3680.307228,329
28.35438364,76.92972099,3669.922076,330
28.35330577,76.93033844,3658.821091,331
28.35223411,76.93095906,3647.396945,332
28.35117107,76.93158759,3635.713774,333
28.3500892,76.93222959,3623.768003,334
28.34900326,76.93287844,3611.77502,335
28.34792589,76.93352112,3600.32215,336
28.3468306,76.93417547,3589.218618,337
28.34571529,76.93484179,3578.166002,338
28.34457926,76.9355207,3568.476822,339
28.34342335,76.93621147,3558.621317,340
28.34224734,76.93691421,3548.955536,341
28.34105156,76.93763115,3540.776338,342
28.33983874,76.93836154,3534.098603,343
28.33863695,76.93908557,3528.473165,344
28.33744055,76.93981194,3526.037672,345
28.33623232,76.94054504,3525.153006,346
28.3350136,76.94128449,3524.264344,347
28.33378443,76.94203032,3523.484097,348
28.33256098,76.94277244,3526.262395,349
28.33135191,76.94350549,3531.609648,350
28.33012675,76.94424292,3541.551835,351
28.32888173,76.94499229,3551.658985,352
28.32761685,76.94575358,3561.931283,353
28.32633211,76.94652681,3572.368916,354
28.32503632,76.9472934,3589.675411,355
28.32375046,76.94804972,3609.092885,356
28.32247542,76.94879965,3628.350959,357
28.32121121,76.94954319,3647.449532,358
28.31995768,76.95026878,3669.611905,359
28.31871662,76.95096989,3696.327002,360
28.31748904,76.95166337,3722.755754,361
28.31627494,76.95234922,3748.898042,362
28.31507432,76.95302744,3774.753747,363
28.31387818,76.95367728,3804.011342,364
28.31266265,76.95431917,3836.248507,365
28.31142717,76.95497157,3869.018633,366
28.31017174,76.95563449,3902.321895,367
28.30889636,76.95630793,3936.15847,368
28.30759842,76.95698022,3971.46881,369
28.30628289,76.95763124,4008.952831,370
28.30498098,76.95825972,4046.331283,371
28.30369089,76.95886202,4083.057964,372
28.30240482,76.95944518,4119.407709,373
28.30112716,76.96002453,4155.5239,374
28.29985787,76.96059997,4191.404186,375
28.29857095,76.9611461,4226.152083,376
28.29728461,76.96166789,4258.748284,377
28.29600849,76.96216225,4288.595485,378
28.29475329,76.96264849,4317.957003,379
28.29351901,76.96312661,4346.832668,380
28.29230566,76.96359662,4375.222313,381
28.29111208,76.96405819,4402.51286,382
28.28992032,76.96451042,4422.485107,383
28.28873817,76.96495899,4442.299213,384
28.28756565,76.96540389,4461.955107,385
28.28640275,76.96584514,4481.452713,386
28.28524817,76.96628351,4498.691035,387
28.28410901,76.9667165,4512.174952,388
28.28299008,76.96714186,4524.08256,389
28.28188767,76.96756383,4533.957869,390
28.28078765,76.96798547,4541.372978,391
28.27970605,76.96840122,4547.774021,392
28.2786363,76.9688137,4552.430251,393
28.27754942,76.96923574,4555.055725,394
28.2764462,76.96966342,4557.11483,395
28.27535774,76.97008966,4557.699986,396
28.27426194,76.97052307,4556.127703,397
28.2731535,76.97096195,4554.088767,398
28.27205795,76.97139763,4550.93605,399
28.27096014,76.97184066,4545.91256,400
28.26984163,76.97229345,4540.424063,401
28.26870464,76.97276126,4533.504223,402
28.26754896,76.97324359,4525.260069,403
28.26637216,76.97373471,4516.868367,404
28.26517425,76.97423464,4508.32928,405
28.26395523,76.97474336,4499.642977,406
28.26271818,76.9752686,4489.979822,407
28.26146275,76.97581001,4479.725511,408
28.26018897,76.97636786,4469.06494,409
28.25891033,76.97693177,4458.453707,410
28.25764891,76.97749683,4448.311217,411
28.25637364,76.97807629,4438.495746,412
28.25508871,76.97866584,4428.853032,413
28.25382066,76.97925581,4420.107782,414
28.25254051,76.97985951,4412.262415,415
28.25124726,76.98047256,4404.885057,416
28.24996818,76.98107863,4398.576067,417
28.24867655,76.98168956,4393.592012,418
28.2473733,76.98230507,4389.67407,419
28.24608687,76.98291067,4386.716749,420
28.24479132,76.98351908,4386.406855,421
28.24347481,76.98413697,4387.247239,422
28.24213747,76.98476462,4388.104935,423
28.24078111,76.98539972,4390.053678,424
28.23943669,76.98603073,4394.410519,425
28.23810273,76.98665706,4401.808167,426
28.23675374,76.98729399,4412.431438,427
28.23538654,76.9879395,4423.202348,428
28.23400112,76.98859359,4434.121068,429
28.2325975,76.98925625,4445.187769,430
28.23118509,76.98992599,4459.303927,431
28.22979373,76.99059116,4476.160102,432
28.22842303,76.99124962,4495.554674,433
28.2270673,76.99191162,4518.00177,434
28.22572224,76.9925684,4540.276291,435
28.22438787,76.99321993,4562.378137,436
28.22306418,76.99386624,4584.307211,437
28.22175262,76.99450937,4606.733604,438
28.22044334,76.99516903,4633.557139,439
28.21911376,76.99583889,4660.800601,440
28.21776397,76.99651905,4688.4844,441
28.21640198,76.99722062,4718.665702,442
28.21504358,76.99793472,4749.808364,443
28.21371326,76.99865399,4781.351938,444
28.21240291,76.99936243,4812.426285,445
28.21111254,77.00006006,4843.03122,446
28.20984213,77.00074687,4873.166559,447
28.2085917,77.00142287,4902.83212,448
28.20736124,77.00208806,4932.027725,449
28.20615074,77.00274243,4960.7532,450
28.20496579,77.00342962,4987.029211,451
28.20378324,77.00412043,5013.056215,452
28.20260156,77.00481072,5039.0675,453
28.20142075,77.00550048,5065.06306,454
28.20024083,77.00618971,5091.042886,455
28.19906177,77.00687841,5117.00697,456
28.19788933,77.0075985,5138.62538,457
28.19671425,77.00832647,5159.547854,458
28.19553517,77.0090569,5180.545277,459
28.19435314,77.00979217,5200.828029,460
28.19318443,77.01052801,5218.011615,461
28.19203212,77.0112518,5233.48537,462
28.19088881,77.01196407,5245.357163,463
28.18976516,77.01266407,5257.027947,464
28.18866119,77.0133518,5268.497555,465
28.18757538,77.01402639,5278.320789,466
28.18650414,77.01468694,5285.644881,467
28.18543725,77.01533922,5289.61307,468
28.18438285,77.01598386,5293.537608,469
28.18334094,77.01662086,5297.418394,470
28.18231147,77.01725012,5301.100261,471
28.1812966,77.01786599,5302.29574,472
28.18028144,77.01848061,5301.764488,473
28.17924662,77.01910762,5300.646025,474
28.17819244,77.01974747,5298.772855,475
28.17711942,77.02040093,5295.438878,476
28.17602656,77.02106644,5291.979941,477
28.17491411,77.02174385,5287.429188,478
28.17378255,77.02243414,5281.870482,479
28.17263672,77.02313405,5275.948506,480
28.17150439,77.02382454,5269.327418,481
28.1703635,77.02452063,5261.936205,482
28.1692044,77.02522857,5254.30348,483
28.16805411,77.02593152,5246.51163,484
28.16690032,77.02663655,5238.422353,485
28.16572694,77.02735384,5230.211591,486
28.16455653,77.02806984,5221.959369,487
28.16338943,77.02878349,5214.039448,488
28.16220276,77.02950941,5206.151256,489
28.16101512,77.03023556,5198.498898,490
28.15983751,77.03095581,5191.414617,491
28.15864195,77.03168831,5185.470587,492
28.15742658,77.03243291,5179.43182,493
28.15619142,77.03318963,5173.298494,494
28.15494267,77.03395323,5168.063072,495
28.15371013,77.03470926,5163.973704,496
28.15247111,77.03546862,5161.182525,497
28.15121381,77.03623889,5158.920086,498
28.1499666,77.03700383,5157.599987,499
28.14871804,77.03777071,5159.519034,500
28.14744951,77.03854916,5162.650984,501
28.14616118,77.03933974,5165.835939,502
28.14485306,77.04014244,5169.074091,503
28.14352513,77.04095728,5172.365634,504
28.14217827,77.04178369,5176.564463,505
28.14083908,77.04260582,5184.449485,506
28.13951839,77.04341733,5194.011022,507
28.13819599,77.04422984,5207.310721,508
28.13686607,77.04504694,5220.690465,509
28.13552863,77.04586864,5234.150329,510
28.13418367,77.04669494,5247.690389,511
28.13283119,77.04752583,5261.310721,512
28.13148633,77.04835309,5280.016258,513
28.1301615,77.04916813,5299.075169,514
28.12885633,77.04997104,5317.855538,515
28.12757083,77.05076184,5336.357172,516
28.12630699,77.05153905,5356.744551,517
28.12506315,77.05230362,5377.808045,518
28.12381596,77.05307153,5400.831454,519
28.12254917,77.05385129,5424.265809,520
28.12126281,77.05464306,5448.066435,521
28.11995688,77.05544686,5472.233519,522
28.11863219,77.05626173,5497.590885,523
28.11729319,77.05708753,5524.1065,524
28.11596546,77.0579045,5550.54186,525
28.11465741,77.05870964,5576.619435,526
28.11336305,77.05950802,5601.185603,527
28.11207911,77.06029995,5625.558048,528
28.11080561,77.06108543,5649.736667,529
28.10954254,77.06186445,5673.721362,530
28.1082899,77.06263702,5697.512032,531
28.10704769,77.06340313,5721.108579,532
28.10581591,77.06416279,5744.510905,533
28.10459457,77.064916,5767.718915,534
28.10338225,77.06566396,5789.33097,535
28.1021747,77.06641004,5806.49271,536
28.10097534,77.06715103,5823.541571,537
28.09978418,77.06788693,5840.477477,538
28.09860122,77.06861775,5857.300356,539
28.09742646,77.06934349,5874.010135,540
28.09625959,77.07006435,5890.065032,541
28.09510559,77.07077798,5902.370231,542
28.09396728,77.0714827,5913.640495,543
28.09282706,77.07218915,5921.15437,544
28.09169707,77.072889,5928.39875,545
28.09057757,77.07358235,5935.579083,546
28.08946855,77.07426919,5942.695282,547
28.08837001,77.07494951,5949.747259,548
28.08728255,77.07562358,5955.420481,549
28.08621009,77.0762887,5958.795094,550
28.08513003,77.07695865,5960.405871,551
28.08403023,77.07764096,5961.736099,552
28.0829108,77.07833576,5962.807306,553
28.08177227,77.07904387,5962.121969,554
28.08063645,77.07974929,5960.982847,555
28.07951218,77.08044811,5958.531716,556
28.07837096,77.08115828,5954.901654,557
28.07721001,77.08188071,5951.212219,558
28.07602932,77.08261541,5947.463583,559
28.07483563,77.08335906,5942.90712,560
28.07365559,77.08409365,5937.599906,561
28.07246468,77.08483516,5931.616992,562
28.07125902,77.08558718,5925.355029,563
28.0700669,77.08633165,5918.883978,564
28.06886632,77.08708062,5912.170958,565
28.06764656,77.08784292,5905.299397,566
28.06640711,77.08861751,5898.320749,567
28.06514848,77.08940408,5891.278311,568
28.06389593,77.09018744,5884.40055,569
28.06265167,77.09096537,5877.992085,570
28.06138922,77.09175569,5871.720931,571
28.06012673,77.09254649,5865.70402,572
28.05887274,77.09333167,5860.657655,573
28.05760819,77.094125,5856.44121,574
28.05633353,77.09492465,5852.19517,575
28.05504876,77.09573062,5847.919632,576
28.05375929,77.09654003,5844.449494,577
28.05248427,77.09734081,5842.214349,578
28.05119682,77.09814885,5841.772555,579
28.04988999,77.09896994,5841.740441,580
28.04856348,77.09980338,5841.712269,581
28.04722286,77.1006467,5842.737547,582
28.04589784,77.10148156,5845.131028,583
28.04457736,77.10231362,5849.504542,584
28.04325097,77.10314894,5854.876352,585
28.04192019,77.10398701,5860.270408,586
28.0405872,77.10482769,5866.468424,587
28.03926916,77.10565868,5874.23798,588
28.03795959,77.10648571,5884.350639,589
28.03663245,77.10732436,5896.843854,590
28.0352857,77.10817538,5909.526201,591
28.03391935,77.10903876,5922.397881,592
28.03253339,77.10991451,5935.459099,593
28.03112782,77.11080262,5948.710063,594
28.02970561,77.11170176,5963.346954,595
28.02829654,77.11259478,5980.712317,596
28.02690718,77.11347418,5998.571717,597
28.02553225,77.11434355,6017.437103,598
28.02417305,77.11520551,6036.786229,599
28.02283353,77.11605565,6056.766033,600
28.02150504,77.11689991,6078.048976,601
28.02018337,77.1177398,6099.227043,602
28.01886854,77.11857533,6120.300163,603
28.01756053,77.11940649,6141.268269,604
28.01625935,77.1202333,6162.131291,605
28.014965,77.12105574,6182.889163,606
28.01367748,77.12187382,6203.541816,607
28.01239679,77.12268754,6224.089183,608
28.01112292,77.1234969,6244.531198,609
28.00985588,77.12430189,6264.867793,610
28.0085943,77.12510567,6283.933386,611
28.00733411,77.12590988,6302.279502,612
28.00607508,77.12671333,6320.61289,613
28.0048172,77.12751602,6338.933541,614
28.00356048,77.12831795,6357.241444,615
28.00230491,77.12911913,6375.536586,616
28.0010505,77.12991954,6393.818957,617
27.99979724,77.1307192,6412.088546,618
27.9985466,77.13151861,6427.545452,619
27.99731268,77.13230836,6440.790692,620
27.99609829,77.13308559,6453.830135,621
27.99490342,77.1338503,6466.663598,622
27.99372808,77.1346025,6479.290904,623
27.99257166,77.13534417,6489.666704,624
27.99142923,77.13607763,6498.736926,625
27.99027075,77.13682215,6504.520957,626
27.98909271,77.13757923,6510.406174,627
27.9878951,77.13834886,6516.392754,628
27.98667793,77.13913103,6522.480876,629
27.9854412,77.13992576,6528.670725,630
27.98418491,77.14073304,6534.962486,631
27.98291723,77.1415489,6538.770486,632
27.98166694,77.14235508,6540.794256,633
27.98043388,77.14314847,6541.998021,634
27.97920869,77.14393968,6541.130181,635
27.97799664,77.14472238,6540.275448,636
27.97679774,77.14549658,6539.433698,637
27.97561191,77.1462616,6538.248339,638
27.97444459,77.14701699,6535.905629,639
27.97327395,77.1477747,6532.824354,640
27.97208413,77.14854505,6529.235722,641
27.97089797,77.14931284,6525.467767,642
27.96971379,77.1500799,6520.98587,643
27.96851052,77.15086025,6516.243529,644
27.96728792,77.15165359,6511.341496,645
27.96604653,77.1524608,6506.05809,646
27.96479965,77.15327059,6500.587553,647
27.96356861,77.15407075,6495.136914,648
27.9623248,77.15488006,6489.630587,649
27.96106253,77.15570193,6484.064779,650
27.95979841,77.15652622,6478.723607,651
27.95851635,77.15736167,6473.449755,652
27.9572147,77.15820978,6468.317571,653
27.95589409,77.15907184,6463.441956,654
27.95455958,77.1599435,6458.979171,655
27.95324023,77.16080534,6454.819106,656
27.95192368,77.16166688,6451.768268,657
27.95058933,77.16254029,6449.225882,658
27.94923731,77.16342524,6446.654529,659
27.94786975,77.16432095,6444.566685,660
27.94651352,77.16521028,6443.529279,661
27.94516457,77.16609416,6443.533634,662
27.94379909,77.16699072,6444.255025,663
27.94244241,77.16788145,6445.601631,664
27.94108845,77.16877087,6448.219802,665
27.93972039,77.16967027,6451.394369,666
27.93835924,77.17056575,6455.459797,667
27.93701122,77.17145395,6461.72668,668
27.93565358,77.1723498,6469.840149,669
27.93428405,77.17325346,6478.029481,670
27.93290264,77.17416494,6486.294805,671
27.93150934,77.17508423,6494.636247,672
27.93010416,77.17601134,6503.053938,673
27.92868709,77.17694626,6511.548006,674
27.92727371,77.17788162,6523.92021,675
27.92587988,77.17880434,6536.555737,676
27.92450543,77.1797142,6549.020538,677
27.92315158,77.18061149,6562.698772,678
27.92181618,77.18149784,6577.221362,679
27.92048441,77.18238384,6594.006118,680
27.91915259,77.18326986,6610.796129,681
27.91782072,77.18415588,6627.591394,682
27.9164888,77.18504191,6644.391916,683
27.91515684,77.18592794,6661.197693,684
27.91382482,77.18681398,6678.008726,685
27.91249276,77.18770003,6694.825017,686
27.91116064,77.18858608,6711.646564,687
27.90982848,77.18947214,6728.47337,688
27.90849627,77.19035821,6745.305434,689
27.90716608,77.19124516,6762.221047,690
27.90584933,77.19212661,6779.133372,691
27.90454731,77.19299819,6795.86107,692
27.90326001,77.19385989,6812.403991,693
27.90198744,77.19471171,6828.761984,694
27.90072959,77.19555365,6844.934904,695
27.89948646,77.19638571,6860.922604,696
27.89825806,77.19720789,6876.724941,697
27.89704437,77.1980202,6892.341773,698
27.8958452,77.19882253,6907.10166,699
27.89466436,77.19961452,6920.397136,700
27.89348744,77.20040651,6931.940943,701
27.89230114,77.20120577,6942.290635,702
27.89110714,77.20201018,6952.711133,703
27.88990546,77.20281976,6963.202509,704
27.88869609,77.20363449,6973.764836,705
27.88747903,77.20445438,6984.398188,706
27.88625428,77.20527943,6995.102638,707
27.88502184,77.20610963,7005.87826,708
27.88379242,77.20694006,7013.850473,709
27.882579,77.20775883,7020.794352,710
27.8813633,77.20858216,7025.974911,711
27.88014677,77.2094059,7031.091083,712
27.87892949,77.21023012,7036.214264,713
27.87771632,77.2110542,7040.391546,714
27.87651853,77.21186481,7043.562422,715
27.87531736,77.21268124,7045.135254,716
27.87410719,77.21350325,7046.488847,717
27.87288837,77.21433111,7047.856014,718
27.87166219,77.21516515,7048.899973,719
27.87044748,77.21599196,7048.889911,720
27.86923198,77.21681903,7047.864211,721
27.86799813,77.2176609,7046.524742,722
27.86674496,77.21851579,7044.927241,723
27.86547307,77.21938359,7042.521534,724
27.86420675,77.22024848,7039.797454,725
27.86295382,77.2211051,7036.688241,726
27.86168554,77.22197281,7033.135258,727
27.86041789,77.22284002,7029.417255,728
27.85916141,77.22370167,7025.368414,729
27.85788733,77.22457466,7021.255014,730
27.85660744,77.22545293,7016.94035,731
27.85534055,77.2263226,7012.598005,732
27.85405902,77.22720392,7008.230593,733
27.85276331,77.22809421,7003.788138,734
27.85148037,77.22897692,6999.49872,735
27.85018625,77.22986851,6995.613178,736
27.84887317,77.23077383,6991.746546,737
27.84754088,77.23169238,6987.828036,738
27.84619373,77.23262192,6984.197832,739
27.84486061,77.23354289,6981.090007,740
27.8435323,77.23446165,6978.661859,741
27.84219,77.23539048,6976.736097,742
27.84083411,77.23632868,6974.795744,743
27.83946603,77.23727544,6973.115317,744
27.83810976,77.23821662,6972.427253,745
27.83676348,77.23915247,6972.818379,746
27.83541269,77.24009181,6974.651362,747
27.83405972,77.24103264,6976.492191,748
27.83270456,77.24197496,6978.340889,749
27.83134721,77.24291878,6980.19748,750
27.82998768,77.24386409,6982.061987,751
27.82863694,77.24480434,6986.16324,752
27.82730313,77.24573561,6990.7646,753
27.82596672,77.24666992,6997.670058,754
27.82462856,77.24760541,7004.589293,755
27.82328866,77.24854209,7011.522323,756
27.82194702,77.24947997,7018.469167,757
27.82060364,77.25041903,7025.429844,758
27.81926429,77.25135611,7033.755655,759
27.81794376,77.25228204,7042.960946,760
27.81662402,77.25321048,7054.482636,761
27.81529897,77.25414303,7066.682956,762
27.81396855,77.25507933,7078.937411,763
27.81263277,77.25601937,7091.24606,764
27.81129163,77.25696317,7103.60896,765
27.80994511,77.25791071,7116.026169,766
27.80859324,77.258862,7128.497745,767
27.807236,77.25981703,7141.023748,768
27.80587339,77.26077581,7153.604235,769
27.80451049,77.26173724,7167.265469,770
27.80316508,77.26268767,7181.744527,771
27.80183413,77.26363087,7196.145384,772
27.80050747,77.26457334,7210.463725,773
27.79918544,77.26551249,7224.736807,774
27.79786805,77.26644833,7238.964581,775
27.79655529,77.26738084,7253.146997,776
27.79524716,77.26831005,7267.284004,777
27.79394366,77.26923593,7281.375556,778
27.79264479,77.2701585,7295.421601,779
27.79135055,77.27107775,7309.422091,780
27.79006095,77.27199369,7323.376979,781
27.78877598,77.27290631,7337.286214,782
27.78749571,77.27381582,7351.045754,783
27.78622858,77.27471903,7363.236696,784
27.78497876,77.27561179,7374.60895,785
27.78373449,77.27650318,7384.098163,786
27.78249685,77.27738981,7393.540929,787
27.78126585,77.27827165,7402.937183,788
27.78004149,77.27914871,7412.286856,789
27.77882376,77.280021,7421.589884,790
27.77761267,77.28088852,7430.846199,791
27.77640821,77.28175125,7440.055736,792
27.77521085,77.28260993,7448.751003,793
27.7740292,77.28346111,7455.430638,794
27.77284787,77.28430972,7461.11721,795
27.77164854,77.28517412,7466.018021,796
27.77043027,77.28605215,7471.00025,797
27.76919305,77.28694381,7476.064085,798
27.7679502,77.28783861,7480.149916,799
27.76671972,77.28872852,7483.408137,800
27.76547232,77.28962974,7486.039149,801
27.76421802,77.29053671,7488.249024,802
27.76297707,77.2914364,7489.880108,803
27.76172074,77.29234655,7490.748138,804
27.7604456,77.29327067,7491.256675,805
27.7591516,77.29420867,7491.394387,806
27.75785099,77.29515391,7490.745305,807
27.75656775,77.29608688,7489.827527,808
27.75528424,77.2970213,7488.145934,809
27.75399863,77.29795744,7486.240653,810
27.75271129,77.29889482,7484.337377,811
27.75142445,77.29983193,7482.118248,812
27.75015409,77.30075874,7479.516612,813
27.74888725,77.3016852,7476.50221,814
27.7476181,77.30261313,7473.409561,815
27.74634714,77.30354235,7470.316965,816
27.74507447,77.30447296,7467.210818,817
27.74381315,77.30539929,7464.003364,818
27.74255685,77.30632034,7460.786405,819
27.7412883,77.30725262,7457.769897,820
27.74000832,77.30819327,7454.730712,821
27.7387169,77.3091423,7451.668973,822
27.73741405,77.3100997,7448.584801,823
27.73609975,77.31106549,7445.478319,824
27.73477995,77.31203698,7442.676117,825
27.73347668,77.31299891,7440.356531,826
27.73217072,77.31396406,7438.703065,827
27.73085737,77.31493461,7437.225712,828
27.72953688,77.31591042,7435.745137,829
27.72821119,77.31689068,7434.555565,830
27.72689941,77.31786158,7433.999994,831
27.72559235,77.3188313,7434.683005,832
27.72428331,77.31980339,7436.019117,833
27.7229734,77.32077608,7437.360862,834
27.72166264,77.32174938,7438.708251,835
27.72035102,77.3227233,7440.061293,836
27.71903853,77.32369782,7441.419997,837
27.7177339,77.32466936,7444.173579,838
27.71644369,77.32563035,7447.735762,839
27.71514298,77.32660343,7453.729957,840
27.71382528,77.32758918,7459.807185,841
27.71249061,77.32858761,7465.967633,842
27.71113896,77.32959871,7472.211491,843
27.70977033,77.33062247,7478.53895,844
27.70838473,77.33165891,7484.950206,845
27.70698214,77.33270801,7491.445454,846
27.70556258,77.33376978,7498.024895,847
27.7041365,77.33483899,7506.533033,848
27.70272893,77.33589672,7516.033542,849
27.70134016,77.33694024,7525.745113,850
27.69996326,77.33798095,7537.241612,851
27.69859272,77.33901797,7549.06455,852
27.69722849,77.34005018,7560.838228,853
27.69587057,77.34107758,7572.562575,854
27.69451897,77.34210017,7584.237518,855
27.69317369,77.34311795,7595.862984,856
27.69183472,77.34413092,7607.438904,857
27.69050206,77.34513909,7618.965204,858
27.68917572,77.34614245,7630.441813,859
27.6878557,77.347141,7641.868663,860
27.68654199,77.34813474,7653.245681,861
27.68523459,77.34912368,7664.572798,862
27.68393351,77.35010782,7675.849945,863
27.68264006,77.35108671,7687.260503,864
27.68136579,77.35205747,7698.758416,865
27.68010045,77.3530229,7709.860915,866
27.67883269,77.35399058,7720.566432,867
27.67756524,77.35495801,7731.27384,868
27.6762981,77.35592517,7741.983137,869
27.67503127,77.35689206,7752.694319,870
27.67376475,77.35785869,7763.407382,871
27.67250594,77.35882175,7773.293549,872
27.67126333,77.35977462,7782.71012,873
27.67001886,77.36073163,7790.232322,874
27.66877506,77.36168809,7797.75482,875
27.66753194,77.36264401,7805.277609,876
27.66628949,77.36359939,7812.80068,877
27.66504772,77.36455421,7820.324026,878
27.66380662,77.3655085,7827.84764,879
27.66256619,77.36646224,7835.371515,880
27.66132733,77.36741559,7842.374973,881
27.6601026,77.36835956,7847.863157,882
27.6588832,77.36930257,7852.274958,883
27.65765239,77.37025529,7855.778339,884
27.6564113,77.37121595,7859.315359,885
27.65515991,77.37218454,7862.886128,886
27.65389824,77.37316107,7866.490756,887
27.65262628,77.37414553,7870.129353,888
27.65135796,77.37512954,7872.339775,889
27.65010385,77.37610292,7873.929307,890
27.64884786,77.37708143,7874.21977,891
27.64759078,77.37806077,7874.515008,892
27.64633259,77.37904093,7874.815034,893
27.64507331,77.38002193,7875.119859,894
27.64381293,77.38100375,7875.429494,895
27.64255357,77.38198492,7875.234591,896
27.6413112,77.38295635,7874.32353,897
27.64006708,77.38393111,7872.628289,898
27.63880435,77.38492013,7870.845932,899
27.63752314,77.3859236,7869.042173,900
27.63622343,77.38694152,7867.217217,901
27.63490524,77.38797389,7865.371271,902
27.63357765,77.3890172,7863.186975,903
27.63226606,77.39004774,7860.76178,904
27.63096543,77.39107225,7858.248894,905
27.62966398,77.39209749,7855.751285,906
27.62836485,77.39312089,7853.262989,907
27.62706801,77.39414244,7850.783981,908
27.62578114,77.39515793,7848.491378,909
27.6245081,77.39616442,7846.255029,910
27.62323043,77.39717684,7844.597907,911
27.62194865,77.39819248,7842.940214,912
27.62066276,77.39921135,7841.281996,913
27.61937276,77.40023345,7839.623299,914
27.61807865,77.40125877,7837.964169,915
27.61678115,77.40228611,7836.502163,916
27.61549807,77.4033061,7835.653441,917
27.61421219,77.40432877,7835.468829,918
27.61290858,77.40536712,7835.617698,919
27.61158658,77.40642008,7835.77371,920
27.61024766,77.40748778,7836.118734,921
27.60891614,77.40854981,7837.126679,922
27.60759616,77.40960439,7838.663806,923
27.60626852,77.41066643,7840.93181,924
27.60493356,77.41173429,7843.217489,925
27.60359137,77.41280802,7845.574264,926
27.60225744,77.41387832,7848.781994,927
27.60093823,77.41493617,7852.778828,928
27.59962436,77.41599309,7857.699823,929
27.59831524,77.41704615,7862.608,930
27.59701087,77.41809535,7867.503305,931
27.59571127,77.41914069,7872.385683,932
27.59441642,77.42018218,7877.25508,933
27.59312874,77.42121889,7882.812408,934
27.59185842,77.42224345,7889.122976,935
27.59058493,77.42327148,7896.123848,936
27.58929717,77.42431282,7903.473062,937
27.58799441,77.42536626,7910.91277,938
27.58667697,77.42643184,7918.517336,939
27.58536523,77.42749456,7926.730665,940
27.5840622,77.42855057,7935.49227,941
27.58276067,77.42960973,7944.788747,942
27.58146143,77.43066701,7954.073828,943
27.58016447,77.43172239,7963.347485,944
27.5788698,77.43277587,7972.609693,945
27.57757742,77.43382746,7981.860426,946
27.57628733,77.43487716,7991.099656,947
27.57499953,77.43592496,8000.327358,948
27.57371946,77.43696953,8009.822623,949
27.5724572,77.43800137,8019.346006,950
27.57119624,77.43903613,8028.435314,951
27.56993571,77.44007176,8037.386538,952
27.56867562,77.44110702,8046.339417,953
27.56741594,77.4421419,8055.293946,954
27.5661567,77.44317639,8064.250119,955
27.56489788,77.44421051,8073.207932,956
27.56363949,77.44524424,8082.167381,957
27.56238152,77.44627759,8091.12846,958
27.56112399,77.44731057,8100.091164,959
27.55986687,77.44834316,8109.055489,960
27.55861019,77.44937537,8118.02143,961
27.55735393,77.4504072,8126.988982,962
27.55610605,77.45143586,8134.623704,963
27.55487563,77.45245322,8141.657074,964
27.55364953,77.45347157,8146.878362,965
27.55242574,77.45448797,8152.09429,966
27.55120425,77.45550243,8157.304835,967
27.54998507,77.45651494,8162.50997,968
27.5487682,77.45752551,8167.70967,969
27.54755363,77.45853414,8172.903909,970
27.54634137,77.45954083,8178.092664,971
27.54513141,77.46054557,8183.275907,972
27.54392377,77.46154836,8188.453615,973
27.54271842,77.46254922,8193.625763,974
27.54152122,77.46354759,8197.331552,975
27.54033679,77.46453587,8200.120119,976
27.53913838,77.46553566,8202.599611,977
27.53792472,77.46655178,8204.198738,978
27.5366967,77.46758041,8205.695458,979
27.53545413,77.46862118,8207.214517,980
27.53419702,77.46967411,8208.756076,981
27.53292728,77.47073937,8210.077822,982
27.53166715,77.47179733,8210.631545,983
27.53041276,77.47285153,8210.657827,984
27.52915108,77.4739138,8210.365173,985
27.52788251,77.47498183,8210.075772,986
27.52660709,77.47605567,8209.77585,987
27.5253387,77.4771249,8209.065598,988
27.52408278,77.47818589,8207.924039,989
27.52282475,77.47924941,8206.598313,990
27.52156553,77.4803139,8205.276152,991
27.52030513,77.48137936,8203.95757,992
27.5190478,77.48244257,8202.392643,993
27.51780555,77.48349645,8200.752549,994
27.51655152,77.48456083,8199.058713,995
27.51527982,77.48564087,8197.292525,996
27.51399015,77.48673615,8195.506414,997
27.51268849,77.48784276,8193.671934,998
27.51140125,77.48893742,8192.00289,999
27.51011897,77.49003144,8190.49143,1000
27.50883719,77.49112523,8189.054807,1001
27.50755633,77.49221821,8187.624227,1002
27.50627655,77.49331052,8186.205923,1003
27.50500837,77.49439532,8185.054335,1004
27.50374475,77.49547559,8184.13175,1005
27.50246461,77.49657235,8183.475254,1006
27.50118063,77.49767295,8182.983242,1007
27.49990298,77.49877028,8182.720872,1008
27.49860729,77.49988151,8182.788362,1009
27.49730754,77.50099929,8182.985851,1010
27.49602046,77.50210473,8183.63453,1011
27.49473182,77.50321633,8185.244304,1012
27.49344157,77.50432929,8186.861203,1013
27.49214971,77.50544361,8188.485247,1014
27.49085623,77.5065593,8190.116455,1015
27.48956113,77.50767634,8191.754846,1016
27.4882661,77.50879504,8193.708618,1017
27.48698594,77.50990473,8196.555417,1018
27.48571259,77.51100736,8200.164774,1019
27.48444345,77.51210928,8204.250876,1020
27.48317858,77.51320746,8208.328147,1021
27.48191799,77.5143019,8212.396535,1022
27.48066167,77.51539259,8216.455993,1023
27.47940962,77.51647954,8220.506468,1024
27.47816624,77.5175626,8225.144193,1025
27.47693576,77.51863164,8230.310599,1026
27.47570695,77.51970765,8236.81234,1027
27.47447809,77.52078367,8243.319059,1028
27.47324917,77.52185971,8249.830758,1029
27.47202019,77.52293578,8256.347438,1030
27.47079115,77.52401186,8262.869098,1031
27.46956205,77.52508796,8269.395739,1032
27.46833289,77.52616409,8275.927363,1033
27.46710367,77.52724023,8282.463969,1034
27.46587439,77.5283164,8289.005559,1035
27.46464506,77.52939258,8295.552132,1036
27.463418,77.53046806,8302.554716,1037
27.46220638,77.53153237,8309.929347,1038
27.46099418,77.53260155,8317.414135,1039
27.45977689,77.53367792,8324.982583,1040
27.45855425,77.53475898,8332.588911,1041
27.45732627,77.53584474,8340.233179,1042
27.45609295,77.53693519,8347.91545,1043
27.45485427,77.53803034,8355.635785,1044
27.45361025,77.53913018,8363.394246,1045
27.45236089,77.54023472,8371.190896,1046
27.45110617,77.54134395,8379.025798,1047
27.44984612,77.54245787,8386.899014,1048
27.44858864,77.54357369,8394.445277,1049
27.44734731,77.54467654,8401.757545,1050
27.44610454,77.54578395,8408.206195,1051
27.44485914,77.54689502,8414.557464,1052
27.44361069,77.54800878,8420.929197,1053
27.44235918,77.54912524,8427.321432,1054
27.44110462,77.55024439,8433.734203,1055
27.439847,77.55136623,8440.167548,1056
27.43858632,77.55249076,8446.621502,1057
27.43732382,77.55361871,8452.918485,1058
27.43607322,77.55473799,8458.253737,1059
27.43483419,77.5558505,8462.789278,1060
27.43359116,77.55696839,8466.472599,1061
27.43234566,77.55808846,8470.168146,1062
27.43109768,77.55921072,8473.875948,1063
27.42984723,77.56033518,8477.596035,1064
27.42859431,77.56146182,8481.328436,1065
27.42733891,77.56259065,8485.073181,1066
27.42608105,77.56372167,8488.830298,1067
27.42482804,77.56485271,8491.564793,1068
27.42359136,77.56597106,8493.787164,1069
27.42235761,77.56708922,8494.891283,1070
27.42112746,77.56820409,8495.991331,1071
27.4199009,77.56931568,8497.092975,1072
27.41867793,77.57042397,8498.196173,1073
27.41745855,77.57152898,8499.300882,1074
27.41624277,77.5726307,8500.40706,1075
27.41503323,77.5737287,8500.890689,1076
27.41381463,77.57483762,8500.999851,1077
27.41257929,77.5759628,8500.858307,1078
27.41134808,77.57708385,8500.500998,1079
27.41012768,77.57819723,8499.974006,1080
27.40889634,77.5793236,8499.090816,1081
27.40765204,77.5804618,8498.203297,1082
27.40639478,77.58161181,8497.311606,1083
27.40512456,77.58277365,8496.4159,1084
27.40384138,77.5839473,8495.516337,1085
27.402552,77.58512737,8494.422651,1086
27.40127865,77.58629493,8493.271553,1087
27.40001196,77.58746098,8492.047646,1088
27.39874987,77.58862269,8490.905691,1089
27.39749249,77.58978004,8489.773137,1090
27.39623983,77.59093301,8488.649926,1091
27.39499188,77.59208161,8487.536002,1092
27.39374865,77.59322583,8486.431306,1093
27.39251747,77.59436204,8485.495724,1094
27.39129421,77.59549192,8484.717347,1095
27.3900555,77.59663813,8484.16916,1096
27.38879941,77.59780038,8483.618379,1097
27.38752594,77.59897868,8483.065215,1098
27.38625004,77.60016245,8482.889247,1099
27.38498884,77.60133114,8482.899972,1100
27.38372425,77.6025075,8483.555785,1101
27.38245209,77.6036914,8484.284742,1102
27.38117216,77.60488249,8485.023479,1103
27.37988447,77.60608078,8485.772095,1104
27.37858899,77.60728626,8486.530687,1105
27.37729071,77.60849791,8487.686597,1106
27.37600694,77.60969621,8489.270303,1107
27.3747277,77.61089315,8491.968802,1108
27.37344671,77.61209523,8495.190839,1109
27.3721637,77.61329916,8498.423351,1110
27.37087867,77.61450496,8501.666362,1111
27.36959161,77.61571262,8504.919899,1112
27.36830253,77.61692214,8508.183986,1113
27.36701142,77.61813352,8511.458649,1114
27.36571829,77.61934676,8514.743914,1115
27.36442314,77.62056186,8518.039807,1116
27.36312614,77.621779,8521.406143,1117
27.36184033,77.62299136,8526.080531,1118
27.36056887,77.62419048,8530.996953,1119
27.35928816,77.6254031,8536.641021,1120
27.35799024,77.62663197,8542.366427,1121
27.35667511,77.6278771,8548.173393,1122
27.35534278,77.62913847,8554.062143,1123
27.35399324,77.6304161,8560.032906,1124
27.35262649,77.63170997,8566.085912,1125
27.35124963,77.63301648,8572.624249,1126
27.34988788,77.63431091,8579.418896,1127
27.34854329,77.63558898,8586.133932,1128
27.34721677,77.63685179,8592.973045,1129
27.34590536,77.638103,8599.78959,1130
27.34459577,77.6393546,8606.628249,1131
27.34329183,77.64060075,8613.443064,1132
27.34199354,77.64184147,8620.233962,1133
27.3407009,77.64307676,8627.000869,1134
27.3394139,77.64430661,8633.743711,1135
27.3381392,77.64552769,8640.473859,1136
27.33688038,77.64673564,8646.899994,1137
27.33562082,77.64794703,8653.051587,1138
27.33436193,77.64915814,8659.199722,1139
27.33310354,77.65036873,8665.350644,1140
27.33184567,77.65157878,8671.504346,1141
27.33058831,77.65278831,8677.660821,1142
27.32933547,77.65399471,8683.47846,1143
27.32809903,77.6551876,8688.904555,1144
27.32685748,77.65638736,8694.061122,1145
27.32559934,77.65760424,8699.107314,1146
27.32432414,77.65883758,8704.227316,1147
27.32303423,77.66008628,8709.22795,1148
27.321754,77.66132639,8713.852816,1149
27.32048093,77.66256225,8718.076171,1150
27.31920582,77.66380202,8721.984522,1151
27.31793018,77.66504227,8725.899955,1152
27.31665532,77.66628134,8729.560823,1153
27.3153958,77.66750863,8732.795769,1154
27.31414806,77.66872636,8735.344539,1155
27.31290855,77.66993736,8737.570025,1156
27.31167803,77.67113953,8739.784512,1157
27.31045651,77.67233287,8741.987885,1158
27.30924398,77.67351739,8744.180034,1159
27.30804046,77.67469308,8746.360845,1160
27.30684874,77.67585855,8747.89685,1161
27.30567052,77.6770145,8749.098776,1162
27.30447993,77.67818466,8749.901928,1163
27.30327247,77.67937151,8750.677141,1164
27.30204807,77.68057498,8751.468318,1165
27.30081056,77.68179177,8752.015027,1166
27.29957849,77.68300559,8752.305411,1167
27.29834958,77.68421576,8752.399953,1168
27.29713854,77.68541046,8752.399983,1169
27.29593389,77.68660018,8751.992559,1170
27.29473014,77.68779192,8751.511455,1171
27.29352706,77.68898295,8751.035614,1172
27.29232468,77.69017327,8750.565029,1173
27.29112297,77.69136287,8750.099689,1174
27.28992196,77.69255176,8749.639588,1175
27.28872671,77.69373756,8749.012422,1176
27.28754425,77.69491174,8748.319145,1177
27.28635202,77.69609919,8747.555351,1178
27.28514536,77.69730139,8746.809435,1179
27.28392412,77.69851808,8746.059641,1180
27.28268829,77.69974928,8745.306156,1181
27.28143788,77.70099497,8744.549165,1182
27.28019163,77.7022367,8741.483853,1183
27.28018908,77.70223925,8552.601017,1184
27.28018649,77.70224184,8361.218185,1185
27.28018387,77.70224446,8167.335358,1186
27.28018122,77.70224711,7970.952536,1187
27.28017853,77.7022498,7772.06972,1188
27.28017581,77.70225253,7570.686908,1189
27.28017305,77.70225528,7366.804102,1190
27.28017026,77.70225807,7160.421301,1191
27.28016744,77.7022609,6951.538505,1192
27.28016458,77.70226376,6740.155713,1193
27.28016169,77.70226665,6526.272927,1194
27.28015876,77.70226957,6309.890146,1195
27.2801558,77.70227253,6091.007371,1196
27.2801528,77.70227553,5869.6246,1197
27.28014978,77.70227856,5645.741834,1198
27.28014671,77.70228162,5419.359073,1199
27.28014362,77.70228472,5190.476318,1200
27.28014049,77.70228785,4959.093568,1201
27.28013732,77.70229101,4725.210822,1202
27.28013412,77.70229421,4488.828082,1203
27.28013089,77.70229744,4249.945347,1204
27.28012762,77.70230071,4008.562617,1205
27.28012432,77.70230401,3764.679892,1206
27.28012099,77.70230735,3518.297172,1207
27.28011762,77.70231072,3269.414457,1208
27.28011421,77.70231412,3018.031748,1209
27.28011078,77.70231756,2764.149043,1210
27.2801073,77.70232103,2507.766344,1211
27.2801038,77.70232453,2248.883649,1212
27.28010026,77.70232807,1987.50096,1213
27.28009669,77.70233165,1723.618276,1214
27.28009308,77.70233526,1457.235597,1215
27.28008943,77.7023389,1188.352923,1216
27.28008576,77.70234258,916.9702541,1217
27.28008205,77.70234629,643.0875904,1218
27.2800783,77.70235003,366.7049318,1219
27.28007452,77.70235381,87.82227839,1220
